date	file	sha256	bytes	chain
2026-09-08	live_backfill_log.csv	31c57825fccaa63353ce5fd11a550ddc2d56adbd881e498c8a483118621a4006	809695	ab93466a941aa218e9af5aa783ad5897d85c6a04f88cea64ee15c43117e13184
2026-09-08	live_backfill_log.html	3e33c98a43946518586474dab9b48334aba58eb88b3e9438e20c353a0a5e4cf6	15016	b6377418508446bc086960191656b6166aae261186c07313795e8452638ab020
2026-09-09	live_backfill_log.csv	dd4ac00d7db221badc24f5c04cb095cd261c368774560a94b65729072e5b765d	809805	8e9e88e5e39223eae6d507d48b2008faa866567c18c48334cef2f2049956b7d3
2026-09-09	live_backfill_log.html	992d216e9d092f5579997af4f9c53243833be1ab07130ac07586256679cf3a9d	15016	5175da640cdbc8966f5a7fd77c3aaba09c77e0d2e14618a3859b7209beef2c8f
2026-09-10	live_backfill_log.csv	9d0318979bae515e941d96b38b758c199d2dea55dc1aa44383850c4afe31dc44	809915	45be371ab8d9871da67b0173e00a80be336e9671f0dd4f954f58e452809f64cd
2026-09-10	live_backfill_log.html	6d8f3480f730d88fb4a13f571b44d5779f087fa6b1af2494c23017c7d3b320db	15016	0bd6c86fb1fd5bace250ba2cdb501e271b791433e1d2278d0028eb4fdc295c10
2026-09-11	live_backfill_log.csv	9efe5ae5624b72063659d30f02f3f3898211c8c8dba225e3f53af18f05bfc2ec	810049	2b1cd3b99e7e7ed17477d80a5b4fdbb8d5020323cbe5d8896f8a883c9dc0d2d3
2026-09-11	live_backfill_log.html	70fdee43282fbfee13f73d011ebe6ca87f7f74515f94cad87a4283753562b69d	15022	f9fef7744358102acc07034a807ade8f1634287ff31b1b007e7f8ebbe0b904b5
2026-09-12	live_backfill_log.csv	f4987c4b9bbdaa7a76b3bd966c3607a27050cfe6b7bdfdbe862debdd70f4d7b0	810159	3e8ddf236a5cc726b17b114bb03309fcc9b84911e68d60da5297aa75a951929c
2026-09-12	live_backfill_log.html	52853447c5fd7f7fee302628201cbd96c93042481d66a647ffa259663ecbbd25	15016	0e400f7b564e2c3a9ba9eb2d2ea29e72bc56a2e307d9b56a440d014aa4f47ca7
2026-09-15	live_backfill_log.csv	cf21e862eb998baa3845cb4e675ea070927db0c34d96f4689931258607500f35	810269	5b950ba7e93c72d579e2a04020e145fef51262a82c9b08c961b56609cbf6994e
2026-09-15	live_backfill_log.html	2499e770b92aaefbbdcbcd0de28b7a923654c3f9293a446b6f1fe215fb688e49	15016	f3e7a628cd037486a95181321b69d97f13a5582fde3ae920d50b235a08d6b782
2026-09-16	live_backfill_log.csv	83dedcbe23a3ba7268e63c6430e5ed2f194a88ba4be82c946952930bd1ffe858	810379	a1a2a0a52d67d8e2c4fde67a9ee46ccb2bc4ce1e96633b90ef0b81a46431bfed
2026-09-16	live_backfill_log.html	57c6a2a83a768c056b6d5af57e52bdf34be1298d53b7e79e9b05dd526fc6ffef	15016	b05ddd4cafe187829876d4c7ada6b054d783b0db93c1c3f100fd865f97cf8b51
2026-09-17	live_backfill_log.csv	bedd6119eaff3a50ad66532bc57f3817ccec8b4c276aed47958da1e93c06a500	810487	253c9064ca259910903a69792dab233a9c0c05e25677effe19e6c5fbd7085dc0
2026-09-17	live_backfill_log.html	b4734e266b51a17cdce9600aa9960ffc3c3f702a23c5daaf887e947c00e7489b	15016	a1f287dc0012c22c9460b384887b2a9e0b941f6c6f8e6cc7dbc4bbc15e74fff9
2026-09-18	live_backfill_log.csv	6503b42f96cb46180356287cafb6e00de9e64ad63713486ddc41daa771e45512	810595	f9b537cc76a88689aaf900d3678fb893a59daf8274b5073fc6f203f2f9acc666
2026-09-18	live_backfill_log.html	ec91a8ee9cf2a708ed89b9a16a6738b1ddb3404bebfadaa76d0771ad5c24dc8b	15016	bb4d8c7ddbc5ebc516dd971ef67e4fbb84bdb75aaaf7b9a0ff9a66a4f4464719
2026-09-19	live_backfill_log.csv	af7b84929b1c472ac653282ce6e1509968f79c4da48ec30a9e5f82b1cdfd37e4	810705	0389e2c319a8356e71308274dc69634a9b88d28eb1ccb9da77548a604ec11b4e
2026-09-19	live_backfill_log.html	ad1993cd089100154b54f4093fc9fae261eb00313b39f01bc8f7be0b9bc11e60	15016	2387d89afdff141a924c397bb7fa1e111c1c422e008ed9facd74ef4c6f192b4c
2026-09-22	live_backfill_log.csv	24b1c67a40331bb335b8d82f2f7dd3eb5aaf5e9535e3fea8067178e199689b4f	810813	a93c65100798e080404098c52686c1e63ba8d2d0a69109691ef7a5abdedf2959
2026-09-22	live_backfill_log.html	e6f80a4ff8b08b57abaf9b0526cfd71165956594ed2c77e8ef46ebb0f25c6579	15016	5309b70537d8d579b94286d8f1f839f47f1ae4ce7aee5e6105aec7075a0247dc
2026-09-23	live_backfill_log.csv	82ed6e90e50cee10ce7e2a30bd641b655e4057f287ed7d9b6f766abca512a8e0	810921	00f0a687f4a455309c811636648be622d5a5f9cd5ae7536ed9be4eb0b9cca864
2026-09-23	live_backfill_log.html	0df05ddf18fe619c400492f3a7c094e241b1598ca788f992d2ad89388ab2aaf7	15016	3c8a5308f3d40a5bcb4c81ee5ba00f55abaed56e111c7144ddd16b1daa97c302
2026-09-24	live_backfill_log.csv	f5a1b568d5d78e502f8519aaa663c642c59be913f24f8f60c66a275df604204a	811029	3d10df2b40c57876318b7aad676f1a834a27520832bb6aad8909128e350098d8
2026-09-24	live_backfill_log.html	3ef7770c5e7b48f9b897cd230808f778d1e25ddbccebebdd4f4fe42d69eebcf4	15016	2226d8adbd7f9d15e097caedfdf8bf1b8759d2501b3e36131c48f23e489f9d4b
2026-09-25	live_backfill_log.csv	fabb1a7cd35703f83bd588762b1604101a1f8b497e15c8ddad75b10f74eaea92	811137	63fc5264d240ba804e174c3d74cdc7314905ad7752d318897febad2dab3eee1b
2026-09-25	live_backfill_log.html	6a91d7da709b42a84bca78198ec1bb286bb3e356c7ff5670c6a65329ea6a4b1c	15016	3a4d1337b417f575dcf43c927432f68b3f31054ecf23bf384ceb9b4a9e38c8f2
